{"blocks":[{"x":920,"y":290,"text":"InitializeComponent();","width":140,"height":40,"type":"Блок","isMenuBlock":false,"fontSize":14,"textHeight":14,"isBold":false,"isItalic":false,"textAlign":"center","labelsPosition":1},{"x":1100,"y":100,"text":"начало","width":100,"height":30,"type":"Начало / конец","isMenuBlock":false,"fontSize":14,"textHeight":14,"isBold":false,"isItalic":false,"textAlign":"center","labelsPosition":1},{"x":920,"y":230,"text":"Form1()","width":100,"height":40,"type":"Подпрограмма","isMenuBlock":false,"fontSize":14,"textHeight":14,"isBold":false,"isItalic":false,"textAlign":"center","labelsPosition":1},{"x":1100,"y":160,"text":"List<string> people = new List<string>();\r\nQueue<People> peoples = new Queue<People>();","width":340,"height":40,"type":"Ввод / вывод","isMenuBlock":false,"fontSize":14,"textHeight":14,"isBold":false,"isItalic":false,"textAlign":"center","labelsPosition":1},{"x":1170,"y":230,"text":"buttonStart_Click","width":120,"height":40,"type":"Подпрограмма","isMenuBlock":false,"fontSize":14,"textHeight":14,"isBold":false,"isItalic":false,"textAlign":"center","labelsPosition":1},{"x":1170,"y":290,"text":"listBoxSort.Items.Clear();\r\nlistBoxNotSort.Items.Clear();","width":180,"height":40,"type":"Блок","isMenuBlock":false,"fontSize":14,"textHeight":14,"isBold":false,"isItalic":false,"textAlign":"center","labelsPosition":1},{"x":1350,"y":410,"text":"StreamReader sr = File.OpenText(\"txt.txt\");","width":280,"height":40,"type":"Ввод / вывод","isMenuBlock":false,"fontSize":14,"textHeight":14,"isBold":false,"isItalic":false,"textAlign":"center","labelsPosition":1},{"x":1170,"y":360,"text":"File.Exists(@\"txt.txt\")","width":140,"height":60,"type":"Условие","isMenuBlock":false,"fontSize":14,"textHeight":14,"isBold":false,"isItalic":false,"textAlign":"center","labelsPosition":1},{"x":1540,"y":530,"text":"string[] line = sr.ReadLine().Split();\r\nPeople name = new People(line[0], line[1], \nline[2], int.Parse(line[3]), int.Parse(line[4]));\r","width":280,"height":60,"type":"Ввод / вывод","isMenuBlock":false,"fontSize":14,"textHeight":14,"isBold":false,"isItalic":false,"textAlign":"center","labelsPosition":1},{"x":1540,"y":600,"text":"peoples.Enqueue(name);","width":160,"height":40,"type":"Блок","isMenuBlock":false,"fontSize":14,"textHeight":14,"isBold":false,"isItalic":false,"textAlign":"center","labelsPosition":1},{"x":1230,"y":530,"text":"sr.Close();","width":100,"height":40,"type":"Блок","isMenuBlock":false,"fontSize":14,"textHeight":14,"isBold":false,"isItalic":false,"textAlign":"center","labelsPosition":1},{"x":1350,"y":470,"text":"!sr.EndOfStream","width":120,"height":40,"type":"Цикл for","isMenuBlock":false,"fontSize":14,"textHeight":14,"isBold":false,"isItalic":false,"textAlign":"center","labelsPosition":1},{"x":1250,"y":680,"text":"listBoxNotSort.Items.Add($\"{x.name} {x.surname}\n {x.FatherName} {x.years} {x.wes}\");","width":320,"height":40,"type":"Блок","isMenuBlock":false,"fontSize":14,"textHeight":14,"isBold":false,"isItalic":false,"textAlign":"center","labelsPosition":1},{"x":1230,"y":600,"text":"People x in peoples","width":140,"height":40,"type":"Цикл for","isMenuBlock":false,"fontSize":14,"textHeight":14,"isBold":false,"isItalic":false,"textAlign":"center","labelsPosition":1},{"x":890,"y":540,"text":"listBoxSort.Items.Add($\"{x.name} {x.surname}\n {x.FatherName} {x.years} {x.wes}\");","width":320,"height":40,"type":"Блок","isMenuBlock":false,"fontSize":14,"textHeight":14,"isBold":false,"isItalic":false,"textAlign":"center","labelsPosition":1},{"x":870,"y":720,"text":"People x in peoples","width":140,"height":40,"type":"Цикл for","isMenuBlock":false,"fontSize":14,"textHeight":14,"isBold":false,"isItalic":false,"textAlign":"center","labelsPosition":1},{"x":890,"y":800,"text":"listBoxSort.Items.Add($\"{x.name} {x.surname}\n {x.FatherName} {x.years} {x.wes}\");","width":320,"height":40,"type":"Блок","isMenuBlock":false,"fontSize":14,"textHeight":14,"isBold":false,"isItalic":false,"textAlign":"center","labelsPosition":1},{"x":870,"y":460,"text":"People x in peoples","width":140,"height":40,"type":"Цикл for","isMenuBlock":false,"fontSize":14,"textHeight":14,"isBold":false,"isItalic":false,"textAlign":"center","labelsPosition":1},{"x":860,"y":380,"text":"var p = from people in peoples\r\n        where people.years < 40\r\n        orderby people.name\r\n        select people;","width":200,"height":60,"type":"Блок","isMenuBlock":false,"fontSize":14,"textHeight":14,"isBold":false,"isItalic":false,"textAlign":"center","labelsPosition":1},{"x":860,"y":640,"text":"p = from people in peoples\r\n    where people.years >= 40 \r\n    orderby people.name\r\n    select people;   ","width":200,"height":60,"type":"Блок","isMenuBlock":false,"fontSize":14,"textHeight":14,"isBold":false,"isItalic":false,"textAlign":"center","labelsPosition":1}],"arrows":[{"startIndex":1,"endIndex":3,"startConnectorIndex":2,"endConnectorIndex":0,"nodes":[{"x":1100,"y":115},{"x":1100,"y":120},{"x":1100,"y":140}],"counts":[1,1,1]},{"startIndex":3,"endIndex":2,"startConnectorIndex":2,"endConnectorIndex":0,"nodes":[{"x":1100,"y":180},{"x":1100,"y":190},{"x":920,"y":190},{"x":920,"y":210}],"counts":[1,1,1,1]},{"startIndex":2,"endIndex":0,"startConnectorIndex":2,"endConnectorIndex":0,"nodes":[{"x":920,"y":250},{"x":920,"y":250},{"x":920,"y":270}],"counts":[1,1,1]},{"startIndex":3,"endIndex":4,"startConnectorIndex":2,"endConnectorIndex":0,"nodes":[{"x":1100,"y":180},{"x":1100,"y":200},{"x":1170,"y":200},{"x":1170,"y":210}],"counts":[1,1,1,1]},{"startIndex":4,"endIndex":5,"startConnectorIndex":2,"endConnectorIndex":0,"nodes":[{"x":1170,"y":250},{"x":1170,"y":250},{"x":1170,"y":270}],"counts":[1,1,1]},{"startIndex":5,"endIndex":7,"startConnectorIndex":2,"endConnectorIndex":0,"nodes":[{"x":1170,"y":310},{"x":1170,"y":310},{"x":1170,"y":330}],"counts":[1,1,1]},{"startIndex":7,"endIndex":6,"startConnectorIndex":1,"endConnectorIndex":0,"nodes":[{"x":1240,"y":360},{"x":1350,"y":360},{"x":1350,"y":370},{"x":1350,"y":390}],"counts":[1,1,1,1]},{"startIndex":6,"endIndex":11,"startConnectorIndex":2,"endConnectorIndex":0,"nodes":[{"x":1350,"y":430},{"x":1350,"y":430},{"x":1350,"y":450}],"counts":[1,1,1]},{"startIndex":11,"endIndex":8,"startConnectorIndex":1,"endConnectorIndex":0,"nodes":[{"x":1410,"y":470},{"x":1540,"y":470},{"x":1540,"y":480},{"x":1540,"y":500}],"counts":[1,1,1,1]},{"startIndex":8,"endIndex":9,"startConnectorIndex":2,"endConnectorIndex":0,"nodes":[{"x":1540,"y":560},{"x":1540,"y":560},{"x":1540,"y":580}],"counts":[1,1,1]},{"startIndex":9,"endIndex":11,"startConnectorIndex":2,"endConnectorIndex":0,"nodes":[{"x":1540,"y":620},{"x":1540,"y":630},{"x":1720,"y":630},{"x":1720,"y":440},{"x":1350,"y":440},{"x":1350,"y":450}],"counts":[1,1,1,1,1,1]},{"startIndex":11,"endIndex":10,"startConnectorIndex":3,"endConnectorIndex":0,"nodes":[{"x":1290,"y":470},{"x":1230,"y":470},{"x":1230,"y":490},{"x":1230,"y":510}],"counts":[1,1,1,1]},{"startIndex":10,"endIndex":13,"startConnectorIndex":2,"endConnectorIndex":0,"nodes":[{"x":1230,"y":550},{"x":1230,"y":560},{"x":1230,"y":580}],"counts":[1,1,1]},{"startIndex":13,"endIndex":12,"startConnectorIndex":1,"endConnectorIndex":0,"nodes":[{"x":1300,"y":600},{"x":1320,"y":600},{"x":1320,"y":640},{"x":1250,"y":640},{"x":1250,"y":660}],"counts":[1,1,1,1,1]},{"startIndex":12,"endIndex":13,"startConnectorIndex":2,"endConnectorIndex":0,"nodes":[{"x":1250,"y":700},{"x":1250,"y":720},{"x":1430,"y":720},{"x":1430,"y":570},{"x":1230,"y":570},{"x":1230,"y":580}],"counts":[1,1,1,1,1,1]},{"startIndex":17,"endIndex":19,"startConnectorIndex":3,"endConnectorIndex":0,"nodes":[{"x":800,"y":460},{"x":710,"y":460},{"x":710,"y":600},{"x":860,"y":600},{"x":860,"y":610}],"counts":[1,1,1,1,1]},{"startIndex":19,"endIndex":15,"startConnectorIndex":2,"endConnectorIndex":0,"nodes":[{"x":860,"y":670},{"x":860,"y":690},{"x":870,"y":690},{"x":870,"y":700}],"counts":[1,1,1,1]},{"startIndex":16,"endIndex":15,"startConnectorIndex":2,"endConnectorIndex":0,"nodes":[{"x":890,"y":820},{"x":890,"y":840},{"x":1070,"y":840},{"x":1070,"y":690},{"x":870,"y":690},{"x":870,"y":700}],"counts":[1,1,1,1,1,1]},{"startIndex":15,"endIndex":16,"startConnectorIndex":1,"endConnectorIndex":0,"nodes":[{"x":940,"y":720},{"x":960,"y":720},{"x":960,"y":760},{"x":890,"y":760},{"x":890,"y":780}],"counts":[1,1,1,1,1]},{"startIndex":17,"endIndex":14,"startConnectorIndex":1,"endConnectorIndex":0,"nodes":[{"x":940,"y":460},{"x":960,"y":460},{"x":960,"y":500},{"x":890,"y":500},{"x":890,"y":520}],"counts":[1,1,1,1,1]},{"startIndex":14,"endIndex":17,"startConnectorIndex":2,"endConnectorIndex":0,"nodes":[{"x":890,"y":560},{"x":890,"y":580},{"x":1070,"y":580},{"x":1070,"y":430},{"x":870,"y":430},{"x":870,"y":440}],"counts":[1,1,1,1,1,1]},{"startIndex":18,"endIndex":17,"startConnectorIndex":2,"endConnectorIndex":0,"nodes":[{"x":860,"y":410},{"x":860,"y":430},{"x":870,"y":430},{"x":870,"y":440}],"counts":[1,1,1,1]},{"startIndex":13,"endIndex":18,"startConnectorIndex":3,"endConnectorIndex":0,"nodes":[{"x":1160,"y":600},{"x":1080,"y":600},{"x":1080,"y":330},{"x":860,"y":330},{"x":860,"y":350}],"counts":[1,1,1,1,1]}],"x0":-332.5,"y0":44}