{"blocks":[{"x":1020,"y":180,"text":"Form1()","width":100,"height":40,"type":"Подпрограмма","isMenuBlock":false,"fontSize":14,"textHeight":14,"isBold":false,"isItalic":false,"textAlign":"center","labelsPosition":1},{"x":1020,"y":240,"text":"InitializeComponent();","width":140,"height":40,"type":"Блок","isMenuBlock":false,"fontSize":14,"textHeight":14,"isBold":false,"isItalic":false,"textAlign":"center","labelsPosition":1},{"x":1100,"y":100,"text":"начало","width":100,"height":30,"type":"Начало / конец","isMenuBlock":false,"fontSize":14,"textHeight":14,"isBold":false,"isItalic":false,"textAlign":"center","labelsPosition":1},{"x":1270,"y":190,"text":"buttonStart_Click","width":140,"height":40,"type":"Подпрограмма","isMenuBlock":false,"fontSize":14,"textHeight":14,"isBold":false,"isItalic":false,"textAlign":"center","labelsPosition":1},{"x":1270,"y":260,"text":"Stack<int> MyStack,\nn, countstack,\nItemsInsStack","width":140,"height":60,"type":"Ввод / вывод","isMenuBlock":false,"fontSize":14,"textHeight":14,"isBold":false,"isItalic":false,"textAlign":"center","labelsPosition":1},{"x":1410,"y":380,"text":"n = int.Parse(textBoxN.Text);","width":180,"height":40,"type":"Блок","isMenuBlock":false,"fontSize":14,"textHeight":14,"isBold":false,"isItalic":false,"textAlign":"center","labelsPosition":1},{"x":1410,"y":440,"text":"int i = 1; i < n+1; i++","width":140,"height":40,"type":"Цикл for","isMenuBlock":false,"fontSize":14,"textHeight":14,"isBold":false,"isItalic":false,"textAlign":"center","labelsPosition":1},{"x":1500,"y":490,"text":"MyStack.Push(i);","width":100,"height":40,"type":"Блок","isMenuBlock":false,"fontSize":14,"textHeight":14,"isBold":false,"isItalic":false,"textAlign":"center","labelsPosition":1},{"x":1320,"y":490,"text":"countstack = MyStack.Count;","width":180,"height":40,"type":"Блок","isMenuBlock":false,"fontSize":14,"textHeight":14,"isBold":false,"isItalic":false,"textAlign":"center","labelsPosition":1},{"x":1410,"y":610,"text":"ItemsInsStack += $\"{i}, \";","width":160,"height":40,"type":"Блок","isMenuBlock":false,"fontSize":14,"textHeight":14,"isBold":false,"isItalic":false,"textAlign":"center","labelsPosition":1},{"x":1320,"y":560,"text":"int i in MyStack","width":100,"height":40,"type":"Цикл for","isMenuBlock":false,"fontSize":14,"textHeight":14,"isBold":false,"isItalic":false,"textAlign":"center","labelsPosition":1},{"x":1340,"y":720,"text":"string unsw = $\"n = {n}\\n\" +\r\n    $\"Размерность стека = {countstack}\\n\" +\r\n    $\"Верхний элемент стека = {n}\\n\" +\r\n    $\"Элементы стэка {ItemsInsStack}\\n\" +\r\n    $\"Новая размерность стэка {MyStack.Count}\";","width":320,"height":100,"type":"Блок","isMenuBlock":false,"fontSize":14,"textHeight":14,"isBold":false,"isItalic":false,"textAlign":"center","labelsPosition":1},{"x":1230,"y":620,"text":"MyStack.Clear();","width":100,"height":40,"type":"Блок","isMenuBlock":false,"fontSize":14,"textHeight":14,"isBold":false,"isItalic":false,"textAlign":"center","labelsPosition":1},{"x":1340,"y":810,"text":"MessageBox.Show(unsw);","width":180,"height":40,"type":"Ввод / вывод","isMenuBlock":false,"fontSize":14,"textHeight":14,"isBold":false,"isItalic":false,"textAlign":"center","labelsPosition":1},{"x":1270,"y":330,"text":"try","width":100,"height":40,"type":"Условие","isMenuBlock":false,"fontSize":14,"textHeight":14,"isBold":false,"isItalic":false,"textAlign":"center","labelsPosition":1},{"x":1130,"y":380,"text":"MessageBox.Show(\"Вы ввели \nнекорректное значение\");","width":200,"height":40,"type":"Ввод / вывод","isMenuBlock":false,"fontSize":14,"textHeight":14,"isBold":false,"isItalic":false,"textAlign":"center","labelsPosition":1}],"arrows":[{"startIndex":0,"endIndex":1,"startConnectorIndex":2,"endConnectorIndex":0,"nodes":[{"x":1020,"y":200},{"x":1020,"y":200},{"x":1020,"y":220}],"counts":[1,1,1]},{"startIndex":2,"endIndex":3,"startConnectorIndex":2,"endConnectorIndex":0,"nodes":[{"x":1100,"y":115},{"x":1100,"y":160},{"x":1270,"y":160},{"x":1270,"y":170}],"counts":[1,1,1,1]},{"startIndex":2,"endIndex":0,"startConnectorIndex":2,"endConnectorIndex":0,"nodes":[{"x":1100,"y":115},{"x":1100,"y":150},{"x":1020,"y":150},{"x":1020,"y":160}],"counts":[1,1,1,1]},{"startIndex":3,"endIndex":4,"startConnectorIndex":2,"endConnectorIndex":0,"nodes":[{"x":1270,"y":210},{"x":1270,"y":210},{"x":1270,"y":230}],"counts":[1,1,1]},{"startIndex":4,"endIndex":14,"startConnectorIndex":2,"endConnectorIndex":0,"nodes":[{"x":1270,"y":290},{"x":1270,"y":290},{"x":1270,"y":310}],"counts":[1,1,1]},{"startIndex":5,"endIndex":6,"startConnectorIndex":2,"endConnectorIndex":0,"nodes":[{"x":1410,"y":400},{"x":1410,"y":400},{"x":1410,"y":420}],"counts":[1,1,1]},{"startIndex":14,"endIndex":5,"startConnectorIndex":1,"endConnectorIndex":0,"nodes":[{"x":1320,"y":330},{"x":1410,"y":330},{"x":1410,"y":340},{"x":1410,"y":360}],"counts":[1,1,1,1]},{"startIndex":6,"endIndex":7,"startConnectorIndex":1,"endConnectorIndex":0,"nodes":[{"x":1480,"y":440},{"x":1500,"y":440},{"x":1500,"y":450},{"x":1500,"y":470}],"counts":[1,1,1,1]},{"startIndex":7,"endIndex":6,"startConnectorIndex":2,"endConnectorIndex":0,"nodes":[{"x":1500,"y":510},{"x":1500,"y":520},{"x":1560,"y":520},{"x":1560,"y":410},{"x":1410,"y":410},{"x":1410,"y":420}],"counts":[1,1,1,1,1,1]},{"startIndex":6,"endIndex":8,"startConnectorIndex":3,"endConnectorIndex":0,"nodes":[{"x":1340,"y":440},{"x":1320,"y":440},{"x":1320,"y":450},{"x":1320,"y":470}],"counts":[1,1,1,1]},{"startIndex":8,"endIndex":10,"startConnectorIndex":2,"endConnectorIndex":0,"nodes":[{"x":1320,"y":510},{"x":1320,"y":520},{"x":1320,"y":540}],"counts":[1,1,1]},{"startIndex":10,"endIndex":9,"startConnectorIndex":1,"endConnectorIndex":0,"nodes":[{"x":1370,"y":560},{"x":1410,"y":560},{"x":1410,"y":570},{"x":1410,"y":590}],"counts":[1,1,1,1]},{"startIndex":9,"endIndex":10,"startConnectorIndex":2,"endConnectorIndex":0,"nodes":[{"x":1410,"y":630},{"x":1410,"y":650},{"x":1510,"y":650},{"x":1510,"y":530},{"x":1320,"y":530},{"x":1320,"y":540}],"counts":[1,1,1,1,1,1]},{"startIndex":10,"endIndex":12,"startConnectorIndex":3,"endConnectorIndex":0,"nodes":[{"x":1270,"y":560},{"x":1230,"y":560},{"x":1230,"y":580},{"x":1230,"y":600}],"counts":[1,1,1,1]},{"startIndex":12,"endIndex":11,"startConnectorIndex":2,"endConnectorIndex":0,"nodes":[{"x":1230,"y":640},{"x":1230,"y":660},{"x":1340,"y":660},{"x":1340,"y":670}],"counts":[1,1,1,1]},{"startIndex":11,"endIndex":13,"startConnectorIndex":2,"endConnectorIndex":0,"nodes":[{"x":1340,"y":770},{"x":1340,"y":770},{"x":1340,"y":790}],"counts":[1,1,1]},{"startIndex":14,"endIndex":15,"startConnectorIndex":3,"endConnectorIndex":0,"nodes":[{"x":1220,"y":330},{"x":1130,"y":330},{"x":1130,"y":340},{"x":1130,"y":360}],"counts":[1,1,1,1]}],"x0":-573,"y0":105}