{"blocks":[{"x":900,"y":100,"text":"People","width":100,"height":30,"type":"Начало / конец","isMenuBlock":false,"fontSize":14,"textHeight":14,"isBold":false,"isItalic":false,"textAlign":"center","labelsPosition":1},{"x":900,"y":170,"text":"name, surname,\n FatherName,\nyears, wes","width":120,"height":60,"type":"Ввод / вывод","isMenuBlock":false,"fontSize":14,"textHeight":14,"isBold":false,"isItalic":false,"textAlign":"center","labelsPosition":1},{"x":900,"y":240,"text":"People(string name, string surname, \nstring FatherName, int years, int wes)","width":280,"height":40,"type":"Подпрограмма","isMenuBlock":false,"fontSize":14,"textHeight":14,"isBold":false,"isItalic":false,"textAlign":"center","labelsPosition":1},{"x":900,"y":320,"text":"this.name = name;\r\nthis.surname = surname;\r\nthis.FatherName = FatherName;\r\nthis.years = years;\r\nthis.wes = wes;","width":220,"height":80,"type":"Блок","isMenuBlock":false,"fontSize":14,"textHeight":14,"isBold":false,"isItalic":false,"textAlign":"center","labelsPosition":1}],"arrows":[{"startIndex":0,"endIndex":1,"startConnectorIndex":2,"endConnectorIndex":0,"nodes":[{"x":900,"y":115},{"x":900,"y":120},{"x":900,"y":140}],"counts":[1,1,1]},{"startIndex":1,"endIndex":2,"startConnectorIndex":2,"endConnectorIndex":0,"nodes":[{"x":900,"y":200},{"x":900,"y":200},{"x":900,"y":220}],"counts":[1,1,1]},{"startIndex":2,"endIndex":3,"startConnectorIndex":2,"endConnectorIndex":0,"nodes":[{"x":900,"y":260},{"x":900,"y":260},{"x":900,"y":280}],"counts":[1,1,1]}],"x0":-440,"y0":93}